PatientID,Group,TrueAge,,SSBP,DSBP,waist_hip_ratio
HC001,0,19,,132,64,0.896907216
HC002,0,20,,121,70,0.775510204
HC003,0,54,,129,83,0.831578947
HC004,0,51,,120,74,0.882978723
HC006,0,30,,110,81,0.760869565
HC007,0,25,,137,66,0.930434783
HC008,0,24,,110,63,0.76344086
HC009,0,48,,110,70,0.836734694
HC010,0,28,,119,67,0.844660194
HC011,0,29,,129,76,0.844444444
HC012,0,33,,150,85,0.947368421
HC013,0,25,,100,80,0.818181818
HC014,0,27,,106,64,0.802083333
HC015,0,23,,112,70,0.818181818
HC016,0,24,,114,70,0.833333333
HC017,0,21,,110,70,0.862745098
HC018,0,26,,109,68,0.903225806
HC019,0,50,,146,99,0.954545455
HC025,0,57,,134,86,0.905660377
HC028,0,46,,120,80,0.828282828
HC029,0,25,,123,67,0.696629213
HC030,0,24,,119,72,0.897959184
HC032,0,29,,90,60,0.742268041
HC033,0,26,,130,69,1.159090909
HC034,0,25,,126,84,1.126213592
HC035,0,27,,120,74,0.916666667
HC036,0,58,,128,78,0.776699029
HC037,0,52,,120,70,0.7
HC039,0,23,,118,76,0.801980198
HC040,0,28,,110,70,0.75
HC041,0,25,,100,65,0.766666667
HC043,0,33,,80,95,0.744444444
HC044,0,38,,121,72,0.862745098
HC045,0,46,,127,88,0.908256881
HC046,0,43,,113,72,0.818181818
HC047,0,32,,105,66,0.883495146
HC048,0,46,,140,78,0.828282828
HC049,0,53,,116,65,0.880434783
HC050,0,50,,117,70,0.913043478
HC051,0,54,,112,75,0.818181818
HC056,0,51,,120,80,0.723809524
HC057,0,20,,117,84,0.957446809
HC059,0,24,,113,72,0.793478261
HC061,0,40,,120,80,0.898989899
HC062,0,43,,120,75,0.962962963
HC063,0,25,,102,76,0.780952381
HC065,0,33,,145,98,0.906542056
HC066,0,26,,120,80,0.954954955
HC068,0,29,,110,70,0.833333333
HC069,0,29,,127,84,0.883597884
HC070,0,54,,125,81,0.888888889
HC071,0,43,,110,60,0.744680851
HC072,0,51,,120,80,0.867346939
HC073,0,42,,120,80,0.905660377
HC074,0,46,,110,70,0.820454545
HC075,0,54,,130,88,0.815533981
HC076,0,48,,120,80,0.885714286
HC078,0,54,,133,90,0.920792079
HC079,0,44,,130,90,0.9
HC081,0,56,,120,80,0.873786408
HC084,0,56,,110,70,0.831683168
HC085,0,54,,120,85,0.808080808
HC087,0,44,,120,80,0.824074074
HC090,0,46,,120,80,0.816326531
HC091,0,45,,121,85,0.88
HC092,0,51,,120,80,0.9375
HC093,0,51,,80,120,0.872727273
HC094,0,49,,130,85,0.887850467
HC096,0,59,,119,72,0.909090909
HC097,0,39,,121,80,0.67961165
HC099,0,54,,122,70,0.893617021
HC101,0,34,,119,73,0.867346939
HC102,0,27,,111,54,0.806451613
FS001,1,17,,120,80,0.894736842
FS005,1,17,,100,70,0.795454545
FS007,1,37,,110,70,0.805825243
FS008,1,26,,120,80,0.882978723
FS009,1,20,,90,60,0.895833333
FS010,1,36,,140,90,0.829787234
FS012,1,18,,110,75,0.871143376
FS015,1,29,,95,60,0.875
FS016,1,26,,120,70,0.822222222
FS017,1,34,,95,65,0.892156863
FS018,1,16,,90,60,1.134020619
FS021,1,17,,110,80,0.825581395
FS023,1,47,,120,80,0.903614458
FS025,1,20,,100,70,0.797752809
FS026,1,33,,110,80,0.981308411
FS027,1,26,,100,70,0.716763006
FS028,1,50,,100,70,0.89
FS029,1,26,,100,70,0.79787234
FS030,1,27,,110,70,0.777777778
FS033,1,23,,120,70,0.829268293
FS034,1,44,,90,60,0.866666667
FS035,1,32,,90,60,0.927083333
FS036,1,34,,110,80,0.852631579
FS037,1,24,,110,70,0.75
FS038,1,17,,120,80,0.790322581
FS039,1,24,,110,70,0.941747573
FS040,1,27,,100,70,0.825842697
FS043,1,49,,130,80,0.88
FS046,1,34,,115,75,0.822222222
FS048,1,30,,110,80,0.828571429
FS049,1,29,,120,70,0.825
FS050,1,46,,100,70,0.772727273
FS051,1,34,,120,80,0.746192893
FS054,1,20,,100,60,0.857142857
FS055,1,18,,100,60,0.909090909
N001,2,33,,120,70,0.93877551
N002,2,58,,120,75,0.869565217
N003,2,59,,110,80,0.9
N004,2,45,,135,80,0.910891089
N005,2,50,,120,70,0.954545455
N006,2,49,,130,80,0.980392157
N007,2,24,,140,80,0.95959596
N008,2,51,,90,60,0.862745098
N009,2,35,,110,70,0.93877551
N010,2,52,,140,90,0.877358491
N011,2,54,,110,70,0.981308411
N012,2,43,,120,80,0.95959596
N013,2,55,,120,80,0.991071429
N014,2,58,,120,80,0.939393939
N015,2,50,,110,70,1.018518519
N016,2,28,,100,70,0.836956522
N017,2,52,,110,70,0.906542056
N018,2,26,,110,70,0.948275862
N019,2,60,,120,80,1.044247788
N020,2,58,,120,74,1.00952381
N021,2,54,,120,70,0.962264151
N022,2,21,,120,80,0.902654867
N024,2,53,,100,60,0.926315789
N025,2,50,,110,70,0.921568627
N026,2,28,,120,80,1.018018018
N027,2,60,,110,70,0.867256637
N030,2,28,,90,60,0.838709677
N031,2,54,,110,70,0.927272727
N033,2,53,,110,70,0.989361702
N034,2,53,,90,60,0.764044944
N037,2,43,,110,70,0.81
N038,2,59,,110,70,0.894230769
N039,2,47,,110,70,0.923913043
N041,2,35,,120,70,0.964285714
N043,2,46,,110,70,1.127272727
N044,2,52,,120,80,0.990196078
N046,2,42,,130,90,0.980392157
N049,2,39,,100,60,0.96039604
N050,2,44,,110,70,1
N052,2,53,,120,70,1.037037037
R001,3,53,,100,60,0.932
R002,3,34,,120,80,0.844444444
R003,3,52,,120,70,0.941176471
R004,3,55,,100,70,0.872093023
R005,3,28,,120,70,0.932692308
R008,3,45,,100,70,0.931372549
R011,3,55,,110,70,0.847826087
R012,3,41,,90,60,0.88172043
R013,3,45,,120,70,0.953703704
R014,3,42,,120,70,1.041666667
R015,3,34,,120,70,0.936170213
R016,3,48,,140,80,0.968421053
R017,3,50,,110,60,0.901098901
R018,3,36,,120,80,0.973451327
R019,3,49,,110,70,0.97979798
R020,3,53,,110,70,0.952380952
R021,3,51,,110,70,0.757894737
R023,3,46,,120,80,0.943396226
R024,3,55,,120,70,0.951456311
R029,3,52,,120,80,0.852941176
R030,3,39,,120,70,1.009259259
R032,3,49,,110,70,0.639175258
R035,3,52,,110,70,0.982142857
R037,3,41,,110,60,0.908045977
R038,3,45,,120,80,0.910714286
R043,3,55,,110,70,0.836363636
R045,3,61,,90,60,0.770114943
R046,3,56,,110,70,0.8359375
R051,3,48,,110,70,0.896907216
R052,3,48,,110,70,0.961165049
R054,3,62,,116,70,0.865384615
R055,3,55,,100,60,0.9
